product_id,product_name,brand,supplier_id,supplier_location,supplier_price,freight_cost,warehouse_cost,gst_tax,lead_time_days,supplier_reliability,minimum_order_quantity
SKU_1000,Coca Cola 200ml Mini,Coca Cola,SUP_564,Kolkata,9.19,0.77,0.22,0.93,6,0.98,100
SKU_1000,Coca Cola 200ml Mini,Coca Cola,SUP_740,Kolkata,9.68,0.59,0.66,1.08,10,0.9,100
SKU_1000,Coca Cola 200ml Mini,Coca Cola,SUP_897,Hyderabad,9.52,0.86,0.72,0.73,11,0.83,50
SKU_1000,Coca Cola 200ml Mini,Coca Cola,SUP_951,Kolkata,9.19,0.72,0.61,0.79,2,0.81,50
SKU_1001,Coca Cola 200ml Regular,Coca Cola,SUP_645,Kolkata,11.92,0.44,0.74,1.21,12,0.86,100
SKU_1001,Coca Cola 200ml Regular,Coca Cola,SUP_533,Kolkata,11.12,1.09,0.78,1.13,5,0.92,500
SKU_1001,Coca Cola 200ml Regular,Coca Cola,SUP_548,Kolkata,12.19,1.02,0.27,1.28,5,0.8,200
SKU_1001,Coca Cola 200ml Regular,Coca Cola,SUP_702,Delhi,10.76,0.91,0.35,0.97,12,0.76,50
SKU_1002,Coca Cola 200ml Value,Coca Cola,SUP_785,Kolkata,16.21,0.63,0.45,0.93,4,0.92,500
SKU_1002,Coca Cola 200ml Value,Coca Cola,SUP_516,Delhi,16.58,1.02,0.83,1.88,12,0.85,500
SKU_1002,Coca Cola 200ml Value,Coca Cola,SUP_155,Kolkata,16.95,0.95,1.1,1.87,12,0.77,500
SKU_1002,Coca Cola 200ml Value,Coca Cola,SUP_211,Delhi,17.65,1.67,1.02,1.87,10,0.86,500
SKU_1003,Coca Cola 200ml Family,Coca Cola,SUP_553,Pune,17.13,1.29,1.22,0.98,10,0.77,50
SKU_1003,Coca Cola 200ml Family,Coca Cola,SUP_969,Kolkata,18.76,1.64,0.55,1.21,9,0.87,500
SKU_1003,Coca Cola 200ml Family,Coca Cola,SUP_102,Kolkata,18.61,1.14,1.19,1.9,9,0.82,500
SKU_1003,Coca Cola 200ml Family,Coca Cola,SUP_159,Kolkata,16.91,0.78,0.53,0.87,2,0.93,50
SKU_1004,Coca Cola 750ml Mini,Coca Cola,SUP_261,Kolkata,15.88,1.09,0.58,1.88,3,0.95,50
SKU_1004,Coca Cola 750ml Mini,Coca Cola,SUP_340,Kolkata,16.07,0.55,1.01,1.23,11,0.81,50
SKU_1004,Coca Cola 750ml Mini,Coca Cola,SUP_697,Kolkata,16.12,1.42,1.27,1.62,6,0.8,200
SKU_1004,Coca Cola 750ml Mini,Coca Cola,SUP_787,Kolkata,15.34,1.14,0.87,1.72,7,0.97,50
SKU_1005,Coca Cola 750ml Regular,Coca Cola,SUP_175,Kolkata,23.82,1.98,0.55,1.85,6,0.78,200
SKU_1005,Coca Cola 750ml Regular,Coca Cola,SUP_478,Kolkata,23.49,1.29,1.34,1.7,10,0.92,50
SKU_1005,Coca Cola 750ml Regular,Coca Cola,SUP_779,Kolkata,22.88,2.24,0.52,2.12,4,0.81,50
SKU_1005,Coca Cola 750ml Regular,Coca Cola,SUP_388,Kolkata,23.09,2.14,1.69,2.09,7,0.8,200
SKU_1005,Coca Cola 750ml Regular,Coca Cola,SUP_966,Kolkata,22.41,1.89,1.4,1.76,8,0.95,50
SKU_1006,Coca Cola 750ml Value,Coca Cola,SUP_859,Bengaluru,27.3,1.19,0.83,2.51,8,0.88,50
SKU_1006,Coca Cola 750ml Value,Coca Cola,SUP_252,Kolkata,25.37,1.59,0.65,2.93,7,0.89,100
SKU_1006,Coca Cola 750ml Value,Coca Cola,SUP_473,Kolkata,26.58,0.88,0.82,2.2,2,0.97,100
SKU_1007,Coca Cola 750ml Family,Coca Cola,SUP_995,Kolkata,38.49,1.57,3.03,2.45,4,0.97,100
SKU_1007,Coca Cola 750ml Family,Coca Cola,SUP_930,Kolkata,42.45,3.3,2.02,3.24,2,0.79,200
SKU_1007,Coca Cola 750ml Family,Coca Cola,SUP_785,Kolkata,42.02,3.45,2.82,3.26,5,0.81,50
SKU_1007,Coca Cola 750ml Family,Coca Cola,SUP_581,Kolkata,39.95,3.9,2.32,2.36,9,0.83,100
SKU_1007,Coca Cola 750ml Family,Coca Cola,SUP_508,Kolkata,39.12,2.07,2.13,2.4,3,0.98,200
SKU_1008,Coca Cola 1L Mini,Coca Cola,SUP_649,Kolkata,20.53,1.15,0.59,2.01,3,0.96,200
SKU_1008,Coca Cola 1L Mini,Coca Cola,SUP_371,Mumbai,19.94,1.25,1.53,1.47,8,0.83,200
SKU_1008,Coca Cola 1L Mini,Coca Cola,SUP_218,Bengaluru,20.62,0.89,0.79,2.41,5,0.81,500
SKU_1008,Coca Cola 1L Mini,Coca Cola,SUP_651,Kolkata,19.47,0.76,1.06,1.31,12,0.8,500
SKU_1008,Coca Cola 1L Mini,Coca Cola,SUP_438,Kolkata,19.65,1.24,1.22,1.12,3,0.92,200
SKU_1009,Coca Cola 1L Regular,Coca Cola,SUP_402,Kolkata,30.63,1.41,1.81,3.15,8,0.91,500
SKU_1009,Coca Cola 1L Regular,Coca Cola,SUP_730,Kolkata,31.7,2.44,2.42,3.54,10,0.95,200
SKU_1009,Coca Cola 1L Regular,Coca Cola,SUP_693,Kolkata,30.15,1.83,0.87,2.09,9,0.86,100
SKU_1009,Coca Cola 1L Regular,Coca Cola,SUP_915,Kolkata,31.04,2.74,1.57,1.99,3,0.82,200
SKU_1009,Coca Cola 1L Regular,Coca Cola,SUP_340,Kolkata,29.38,2.32,1.3,1.85,5,0.79,50
SKU_1010,Coca Cola 1L Value,Coca Cola,SUP_566,Bengaluru,35.08,1.82,1.7,3.04,11,0.8,500
SKU_1010,Coca Cola 1L Value,Coca Cola,SUP_771,Kolkata,34.56,3.05,0.94,2.86,3,0.94,100
SKU_1010,Coca Cola 1L Value,Coca Cola,SUP_630,Kolkata,33.15,2.86,0.93,2.26,5,0.97,50
SKU_1010,Coca Cola 1L Value,Coca Cola,SUP_783,Kolkata,34.4,1.97,1.26,1.83,11,0.83,500
SKU_1011,Coca Cola 1L Family,Coca Cola,SUP_661,Kolkata,50.21,2.52,1.92,4.2,9,0.86,100
SKU_1011,Coca Cola 1L Family,Coca Cola,SUP_896,Kolkata,49.89,3.88,2.28,5.84,5,0.82,50
SKU_1011,Coca Cola 1L Family,Coca Cola,SUP_443,Kolkata,49.11,1.95,2.78,4.7,3,0.78,100
SKU_1011,Coca Cola 1L Family,Coca Cola,SUP_319,Mumbai,47.09,2.07,2.73,3.99,7,0.88,500
SKU_1011,Coca Cola 1L Family,Coca Cola,SUP_498,Pune,45.13,1.38,2.02,2.61,2,0.96,500
SKU_1012,Coca Cola 2L Mini,Coca Cola,SUP_955,Bengaluru,41.5,3.53,1.85,2.81,10,0.94,100
SKU_1012,Coca Cola 2L Mini,Coca Cola,SUP_597,Mumbai,42.53,3.26,1.41,3.0,12,0.91,500
SKU_1012,Coca Cola 2L Mini,Coca Cola,SUP_230,Kolkata,43.82,3.48,2.42,4.54,8,0.89,50
SKU_1012,Coca Cola 2L Mini,Coca Cola,SUP_987,Bengaluru,40.33,3.41,1.57,4.49,6,0.84,100
SKU_1013,Coca Cola 2L Regular,Coca Cola,SUP_870,Kolkata,62.51,3.88,1.39,7.07,3,0.86,50
SKU_1013,Coca Cola 2L Regular,Coca Cola,SUP_765,Kolkata,64.36,4.49,2.9,7.65,12,0.76,50
SKU_1013,Coca Cola 2L Regular,Coca Cola,SUP_120,Kolkata,63.97,2.55,3.1,7.6,4,0.86,50
SKU_1013,Coca Cola 2L Regular,Coca Cola,SUP_816,Kolkata,60.98,2.32,2.04,7.12,4,0.9,50
SKU_1014,Coca Cola 2L Value,Coca Cola,SUP_126,Kolkata,83.64,6.42,4.55,4.6,8,0.85,100
SKU_1014,Coca Cola 2L Value,Coca Cola,SUP_742,Kolkata,74.65,4.7,4.03,4.45,6,0.95,50
SKU_1014,Coca Cola 2L Value,Coca Cola,SUP_142,Kolkata,81.94,5.7,5.09,5.84,12,0.84,200
SKU_1015,Coca Cola 2L Family,Coca Cola,SUP_470,Kolkata,83.16,6.95,4.9,7.38,9,0.92,500
SKU_1015,Coca Cola 2L Family,Coca Cola,SUP_766,Kolkata,76.55,5.7,4.53,4.35,10,0.94,500
SKU_1015,Coca Cola 2L Family,Coca Cola,SUP_374,Kolkata,79.2,5.45,3.09,8.65,3,0.82,500
SKU_1015,Coca Cola 2L Family,Coca Cola,SUP_724,Kolkata,77.24,5.34,5.19,7.2,2,0.87,200
SKU_1016,Coke Zero 300ml Mini,Coca Cola,SUP_386,Hyderabad,16.2,0.83,0.86,1.43,6,0.88,100
SKU_1016,Coke Zero 300ml Mini,Coca Cola,SUP_600,Kolkata,15.63,0.5,0.72,0.96,9,0.91,500
SKU_1016,Coke Zero 300ml Mini,Coca Cola,SUP_401,Delhi,16.4,0.99,0.94,1.11,5,0.82,200
SKU_1017,Coke Zero 300ml Regular,Coca Cola,SUP_663,Kolkata,25.08,1.13,1.04,1.54,9,0.82,200
SKU_1017,Coke Zero 300ml Regular,Coca Cola,SUP_423,Kolkata,24.71,1.45,1.25,2.71,4,0.8,500
SKU_1017,Coke Zero 300ml Regular,Coca Cola,SUP_878,Kolkata,24.86,2.23,1.6,2.26,3,0.95,200
SKU_1017,Coke Zero 300ml Regular,Coca Cola,SUP_114,Chennai,24.7,1.15,1.81,2.51,6,0.76,50
SKU_1017,Coke Zero 300ml Regular,Coca Cola,SUP_229,Chennai,25.77,0.88,1.94,1.82,9,0.77,50
SKU_1018,Coke Zero 300ml Value,Coca Cola,SUP_152,Kolkata,31.46,1.56,1.58,2.39,9,0.78,50
SKU_1018,Coke Zero 300ml Value,Coca Cola,SUP_744,Chennai,31.15,1.57,1.6,2.44,4,0.94,200
SKU_1018,Coke Zero 300ml Value,Coca Cola,SUP_671,Kolkata,29.87,2.28,2.03,3.08,11,0.94,100
SKU_1018,Coke Zero 300ml Value,Coca Cola,SUP_553,Kolkata,32.66,2.25,1.27,3.4,8,0.82,50
SKU_1019,Coke Zero 300ml Family,Coca Cola,SUP_740,Kolkata,37.76,3.2,2.65,2.43,3,0.79,100
SKU_1019,Coke Zero 300ml Family,Coca Cola,SUP_518,Bengaluru,40.07,3.07,1.99,4.64,9,0.82,100
SKU_1019,Coke Zero 300ml Family,Coca Cola,SUP_980,Kolkata,38.73,2.26,1.04,2.26,5,0.97,100
SKU_1019,Coke Zero 300ml Family,Coca Cola,SUP_763,Kolkata,39.42,3.43,0.96,4.44,4,0.77,100
SKU_1019,Coke Zero 300ml Family,Coca Cola,SUP_944,Kolkata,41.3,1.72,2.91,2.36,9,0.78,200
SKU_1020,Coke Zero Can 330ml Mini,Coca Cola,SUP_182,Kolkata,21.39,0.68,0.5,1.47,8,0.93,200
SKU_1020,Coke Zero Can 330ml Mini,Coca Cola,SUP_790,Kolkata,20.09,0.73,0.74,2.19,11,0.98,200
SKU_1020,Coke Zero Can 330ml Mini,Coca Cola,SUP_279,Bengaluru,21.6,1.74,0.87,1.35,9,0.97,100
SKU_1020,Coke Zero Can 330ml Mini,Coca Cola,SUP_933,Kolkata,22.75,1.42,0.69,1.8,9,0.83,200
SKU_1021,Coke Zero Can 330ml Regular,Coca Cola,SUP_810,Bengaluru,28.88,1.19,1.12,2.35,8,0.95,50
SKU_1021,Coke Zero Can 330ml Regular,Coca Cola,SUP_431,Kolkata,27.45,1.79,1.77,1.84,8,0.96,50
SKU_1021,Coke Zero Can 330ml Regular,Coca Cola,SUP_523,Kolkata,28.17,1.15,0.59,2.81,7,0.9,500
SKU_1022,Coke Zero Can 330ml Value,Coca Cola,SUP_394,Bengaluru,34.61,2.73,2.41,3.79,9,0.78,100
SKU_1022,Coke Zero Can 330ml Value,Coca Cola,SUP_114,Hyderabad,36.94,2.26,2.64,4.11,5,0.99,50
SKU_1022,Coke Zero Can 330ml Value,Coca Cola,SUP_952,Kolkata,35.8,2.03,1.52,2.64,6,0.87,200
SKU_1023,Coke Zero Can 330ml Family,Coca Cola,SUP_664,Delhi,45.14,2.31,1.32,3.93,11,0.87,100
SKU_1023,Coke Zero Can 330ml Family,Coca Cola,SUP_908,Kolkata,44.5,3.3,2.49,3.0,10,0.81,50
SKU_1023,Coke Zero Can 330ml Family,Coca Cola,SUP_701,Kolkata,41.34,2.29,1.12,2.78,9,0.96,500
SKU_1023,Coke Zero Can 330ml Family,Coca Cola,SUP_665,Kolkata,42.73,1.54,1.79,2.62,9,0.97,100
SKU_1024,Pepsi 250ml Mini,Pepsi,SUP_894,Kolkata,10.28,0.39,0.8,1.19,9,0.92,500
SKU_1024,Pepsi 250ml Mini,Pepsi,SUP_940,Kolkata,10.04,0.98,0.8,1.13,9,0.98,100
SKU_1024,Pepsi 250ml Mini,Pepsi,SUP_990,Kolkata,10.19,0.95,0.68,1.06,9,0.77,500
SKU_1025,Pepsi 250ml Regular,Pepsi,SUP_258,Kolkata,11.09,0.88,0.43,0.96,6,0.83,500
SKU_1025,Pepsi 250ml Regular,Pepsi,SUP_972,Kolkata,11.43,0.56,0.7,0.96,8,0.98,500
SKU_1025,Pepsi 250ml Regular,Pepsi,SUP_170,Kolkata,11.75,1.15,0.73,1.02,6,0.99,50
SKU_1026,Pepsi 250ml Value,Pepsi,SUP_202,Bengaluru,15.7,1.33,0.68,1.37,6,0.97,50
SKU_1026,Pepsi 250ml Value,Pepsi,SUP_467,Kolkata,14.85,1.19,0.87,1.19,5,0.88,100
SKU_1026,Pepsi 250ml Value,Pepsi,SUP_991,Kolkata,14.55,0.89,0.3,0.86,5,0.87,100
SKU_1027,Pepsi 250ml Family,Pepsi,SUP_109,Pune,17.38,0.85,0.57,1.02,6,0.91,100
SKU_1027,Pepsi 250ml Family,Pepsi,SUP_701,Kolkata,16.97,0.62,0.87,1.98,8,0.92,500
SKU_1027,Pepsi 250ml Family,Pepsi,SUP_493,Kolkata,18.74,1.75,0.56,1.57,5,0.84,200
SKU_1027,Pepsi 250ml Family,Pepsi,SUP_402,Kolkata,18.12,1.12,0.54,2.12,12,0.84,50
SKU_1027,Pepsi 250ml Family,Pepsi,SUP_862,Kolkata,18.1,0.8,1.27,1.11,9,0.95,200
SKU_1028,Pepsi 750ml Mini,Pepsi,SUP_751,Delhi,19.64,1.01,1.56,1.74,12,0.93,100
SKU_1028,Pepsi 750ml Mini,Pepsi,SUP_761,Mumbai,19.7,1.39,1.05,1.27,9,0.76,200
SKU_1028,Pepsi 750ml Mini,Pepsi,SUP_402,Kolkata,19.96,0.85,1.4,1.35,4,0.8,200
SKU_1029,Pepsi 750ml Regular,Pepsi,SUP_944,Bengaluru,27.09,2.44,2.15,1.41,6,0.93,200
SKU_1029,Pepsi 750ml Regular,Pepsi,SUP_177,Delhi,27.01,2.24,0.77,1.58,5,0.96,500
SKU_1029,Pepsi 750ml Regular,Pepsi,SUP_474,Kolkata,27.55,2.21,1.29,3.15,2,0.81,50
SKU_1029,Pepsi 750ml Regular,Pepsi,SUP_788,Kolkata,25.84,1.56,1.13,1.87,12,0.98,50
SKU_1030,Pepsi 750ml Value,Pepsi,SUP_674,Kolkata,30.42,2.25,0.75,2.82,5,0.91,500
SKU_1030,Pepsi 750ml Value,Pepsi,SUP_518,Mumbai,34.08,2.42,2.23,2.81,2,0.82,500
SKU_1030,Pepsi 750ml Value,Pepsi,SUP_650,Delhi,30.79,2.32,1.42,2.4,7,0.91,500
SKU_1030,Pepsi 750ml Value,Pepsi,SUP_524,Kolkata,32.75,1.18,1.58,2.86,9,0.9,200
SKU_1031,Pepsi 750ml Family,Pepsi,SUP_341,Kolkata,32.61,1.93,0.95,2.06,12,0.84,200
SKU_1031,Pepsi 750ml Family,Pepsi,SUP_225,Kolkata,31.93,1.05,0.99,3.81,3,0.91,50
SKU_1031,Pepsi 750ml Family,Pepsi,SUP_228,Kolkata,31.89,2.06,2.37,3.42,3,0.95,100
SKU_1031,Pepsi 750ml Family,Pepsi,SUP_338,Kolkata,34.21,1.82,0.78,3.49,11,0.75,100
SKU_1032,Pepsi Black Can 330ml Mini,Pepsi,SUP_776,Pune,22.22,0.89,0.75,1.84,2,0.84,100
SKU_1032,Pepsi Black Can 330ml Mini,Pepsi,SUP_371,Kolkata,23.21,0.86,0.87,1.41,8,0.88,50
SKU_1032,Pepsi Black Can 330ml Mini,Pepsi,SUP_625,Kolkata,22.88,1.63,1.13,2.62,10,0.8,50
SKU_1032,Pepsi Black Can 330ml Mini,Pepsi,SUP_774,Kolkata,23.62,0.99,1.3,1.75,12,0.98,50
SKU_1032,Pepsi Black Can 330ml Mini,Pepsi,SUP_536,Kolkata,24.42,2.31,1.21,1.31,9,0.77,50
SKU_1033,Pepsi Black Can 330ml Regular,Pepsi,SUP_748,Kolkata,26.09,1.84,0.65,1.93,7,0.84,200
SKU_1033,Pepsi Black Can 330ml Regular,Pepsi,SUP_201,Kolkata,27.46,1.49,0.95,2.9,12,0.91,100
SKU_1033,Pepsi Black Can 330ml Regular,Pepsi,SUP_523,Kolkata,27.37,1.95,1.93,2.56,8,0.85,50
SKU_1034,Pepsi Black Can 330ml Value,Pepsi,SUP_256,Kolkata,33.76,1.07,1.97,3.46,3,0.77,50
SKU_1034,Pepsi Black Can 330ml Value,Pepsi,SUP_856,Kolkata,31.34,3.04,1.85,3.31,10,0.76,200
SKU_1034,Pepsi Black Can 330ml Value,Pepsi,SUP_994,Chennai,33.78,2.15,2.03,2.19,8,0.96,50
SKU_1034,Pepsi Black Can 330ml Value,Pepsi,SUP_460,Kolkata,35.04,2.97,2.3,4.02,5,0.79,500
SKU_1035,Pepsi Black Can 330ml Family,Pepsi,SUP_217,Pune,39.52,1.41,0.93,3.19,5,0.94,50
SKU_1035,Pepsi Black Can 330ml Family,Pepsi,SUP_810,Kolkata,40.86,2.62,1.72,3.87,6,0.92,200
SKU_1035,Pepsi Black Can 330ml Family,Pepsi,SUP_285,Kolkata,42.47,2.73,2.22,2.13,12,0.85,100
SKU_1036,Lay's Classic Salted 52g Mini,Lay's,SUP_485,Kolkata,9.1,0.87,0.37,1.09,4,0.84,200
SKU_1036,Lay's Classic Salted 52g Mini,Lay's,SUP_186,Kolkata,9.95,0.7,0.7,0.69,11,0.76,50
SKU_1036,Lay's Classic Salted 52g Mini,Lay's,SUP_597,Kolkata,9.33,0.59,0.46,0.51,6,0.8,50
SKU_1037,Lay's Classic Salted 52g Regular,Lay's,SUP_598,Kolkata,12.01,0.58,0.79,0.99,2,0.8,50
SKU_1037,Lay's Classic Salted 52g Regular,Lay's,SUP_316,Kolkata,11.58,0.62,0.82,0.68,6,0.82,50
SKU_1037,Lay's Classic Salted 52g Regular,Lay's,SUP_279,Kolkata,11.58,0.77,0.58,0.7,5,0.87,200
SKU_1038,Lay's Classic Salted 52g Value,Lay's,SUP_179,Kolkata,12.89,0.78,0.96,1.22,8,0.89,500
SKU_1038,Lay's Classic Salted 52g Value,Lay's,SUP_432,Kolkata,13.33,0.42,0.74,1.03,11,0.86,200
SKU_1038,Lay's Classic Salted 52g Value,Lay's,SUP_349,Bengaluru,12.97,1.14,0.92,1.49,10,0.77,200
SKU_1038,Lay's Classic Salted 52g Value,Lay's,SUP_897,Kolkata,14.13,1.31,0.57,1.02,12,0.78,100
SKU_1038,Lay's Classic Salted 52g Value,Lay's,SUP_844,Kolkata,14.41,0.57,0.72,1.45,4,0.81,100
SKU_1039,Lay's Classic Salted 52g Family,Lay's,SUP_771,Kolkata,18.31,1.26,0.95,1.51,12,0.87,500
SKU_1039,Lay's Classic Salted 52g Family,Lay's,SUP_758,Chennai,18.49,0.7,0.49,1.78,7,0.96,200
SKU_1039,Lay's Classic Salted 52g Family,Lay's,SUP_552,Kolkata,17.26,1.33,0.76,1.59,6,0.89,200
SKU_1040,Lay's Magic Masala 52g Mini,Lay's,SUP_477,Kolkata,9.0,0.45,0.68,0.75,12,0.96,50
SKU_1040,Lay's Magic Masala 52g Mini,Lay's,SUP_573,Hyderabad,9.17,0.7,0.53,1.07,2,0.86,100
SKU_1040,Lay's Magic Masala 52g Mini,Lay's,SUP_254,Kolkata,8.83,0.71,0.27,0.65,7,0.99,50
SKU_1040,Lay's Magic Masala 52g Mini,Lay's,SUP_353,Chennai,9.05,0.76,0.36,0.56,9,0.88,100
SKU_1041,Lay's Magic Masala 52g Regular,Lay's,SUP_795,Kolkata,12.24,0.46,0.39,1.19,12,0.91,50
SKU_1041,Lay's Magic Masala 52g Regular,Lay's,SUP_495,Kolkata,12.15,1.14,0.26,1.33,12,0.98,100
SKU_1041,Lay's Magic Masala 52g Regular,Lay's,SUP_244,Kolkata,12.16,0.56,0.92,0.64,12,0.92,500
SKU_1041,Lay's Magic Masala 52g Regular,Lay's,SUP_186,Kolkata,11.83,0.39,0.55,0.96,12,0.94,100
SKU_1042,Lay's Magic Masala 52g Value,Lay's,SUP_195,Kolkata,17.2,1.18,0.66,1.93,10,0.84,200
SKU_1042,Lay's Magic Masala 52g Value,Lay's,SUP_449,Pune,15.78,0.88,0.88,1.62,5,0.99,100
SKU_1042,Lay's Magic Masala 52g Value,Lay's,SUP_203,Kolkata,15.3,1.35,0.31,1.83,10,0.76,200
SKU_1042,Lay's Magic Masala 52g Value,Lay's,SUP_711,Kolkata,16.95,1.47,0.62,1.48,4,0.95,100
SKU_1042,Lay's Magic Masala 52g Value,Lay's,SUP_473,Kolkata,16.63,0.87,1.03,1.6,9,0.9,500
SKU_1043,Lay's Magic Masala 52g Family,Lay's,SUP_580,Kolkata,17.52,1.69,1.02,1.25,12,0.98,500
SKU_1043,Lay's Magic Masala 52g Family,Lay's,SUP_491,Kolkata,17.87,0.9,1.41,2.08,4,0.95,100
SKU_1043,Lay's Magic Masala 52g Family,Lay's,SUP_592,Kolkata,18.82,1.24,1.08,1.42,3,0.92,50
SKU_1044,Lay's Cream & Onion 90g Mini,Lay's,SUP_250,Kolkata,18.58,0.89,0.9,1.89,5,0.95,200
SKU_1044,Lay's Cream & Onion 90g Mini,Lay's,SUP_505,Kolkata,20.19,1.93,1.33,1.58,8,0.99,200
SKU_1044,Lay's Cream & Onion 90g Mini,Lay's,SUP_201,Kolkata,18.46,0.77,1.37,1.65,7,0.94,100
SKU_1045,Lay's Cream & Onion 90g Regular,Lay's,SUP_822,Kolkata,26.06,0.86,1.65,2.62,2,0.97,50
SKU_1045,Lay's Cream & Onion 90g Regular,Lay's,SUP_661,Kolkata,24.62,1.49,1.92,2.11,8,0.78,200
SKU_1045,Lay's Cream & Onion 90g Regular,Lay's,SUP_344,Kolkata,24.56,2.44,1.64,2.79,11,0.86,50
SKU_1045,Lay's Cream & Onion 90g Regular,Lay's,SUP_648,Mumbai,26.51,2.45,1.91,2.1,11,0.81,100
SKU_1046,Lay's Cream & Onion 90g Value,Lay's,SUP_526,Kolkata,33.34,2.75,0.9,3.18,3,0.88,200
SKU_1046,Lay's Cream & Onion 90g Value,Lay's,SUP_619,Kolkata,31.04,2.87,1.98,2.3,10,0.75,500
SKU_1046,Lay's Cream & Onion 90g Value,Lay's,SUP_482,Kolkata,30.94,2.86,1.44,2.43,7,0.94,200
SKU_1047,Lay's Cream & Onion 90g Family,Lay's,SUP_852,Pune,41.16,2.73,2.19,3.33,2,0.83,200
SKU_1047,Lay's Cream & Onion 90g Family,Lay's,SUP_897,Chennai,42.12,2.2,2.5,2.48,9,0.9,100
SKU_1047,Lay's Cream & Onion 90g Family,Lay's,SUP_568,Kolkata,38.22,3.21,2.99,2.16,2,0.94,50
SKU_1047,Lay's Cream & Onion 90g Family,Lay's,SUP_507,Kolkata,39.53,3.02,3.13,3.82,6,0.76,100
SKU_1047,Lay's Cream & Onion 90g Family,Lay's,SUP_148,Pune,39.38,2.21,1.47,3.78,6,0.78,200
SKU_1048,Kurkure Masala Munch 90g Mini,Kurkure,SUP_495,Kolkata,9.15,0.34,0.59,0.88,9,0.92,200
SKU_1048,Kurkure Masala Munch 90g Mini,Kurkure,SUP_920,Kolkata,9.35,0.77,0.61,0.48,3,0.85,100
SKU_1048,Kurkure Masala Munch 90g Mini,Kurkure,SUP_181,Kolkata,8.92,0.43,0.36,0.65,6,0.86,500
SKU_1048,Kurkure Masala Munch 90g Mini,Kurkure,SUP_557,Kolkata,8.49,0.81,0.23,0.54,7,0.9,500
SKU_1049,Kurkure Masala Munch 90g Regular,Kurkure,SUP_472,Hyderabad,11.45,0.54,0.26,1.2,12,0.79,50
SKU_1049,Kurkure Masala Munch 90g Regular,Kurkure,SUP_900,Bengaluru,11.56,0.45,0.77,1.27,3,0.81,200
SKU_1049,Kurkure Masala Munch 90g Regular,Kurkure,SUP_133,Kolkata,11.9,1.05,0.59,0.8,9,0.98,200
SKU_1050,Kurkure Masala Munch 90g Value,Kurkure,SUP_507,Kolkata,15.38,0.63,1.22,1.49,5,0.98,50
SKU_1050,Kurkure Masala Munch 90g Value,Kurkure,SUP_496,Kolkata,15.7,0.67,0.75,0.93,6,0.92,100
SKU_1050,Kurkure Masala Munch 90g Value,Kurkure,SUP_602,Delhi,16.21,1.17,1.28,1.12,3,0.86,500
SKU_1051,Kurkure Masala Munch 90g Family,Kurkure,SUP_783,Kolkata,23.22,2.12,1.04,1.39,10,0.88,200
SKU_1051,Kurkure Masala Munch 90g Family,Kurkure,SUP_817,Chennai,22.9,1.0,1.55,1.6,7,0.87,50
SKU_1051,Kurkure Masala Munch 90g Family,Kurkure,SUP_342,Pune,23.27,1.2,0.58,2.26,7,0.88,200
SKU_1051,Kurkure Masala Munch 90g Family,Kurkure,SUP_232,Kolkata,21.82,1.84,1.16,2.48,3,0.82,500
SKU_1051,Kurkure Masala Munch 90g Family,Kurkure,SUP_943,Kolkata,21.98,2.15,1.5,1.41,7,0.9,500
SKU_1052,Kurkure Green Chutney 90g Mini,Kurkure,SUP_898,Kolkata,8.76,0.57,0.66,0.77,4,0.93,100
SKU_1052,Kurkure Green Chutney 90g Mini,Kurkure,SUP_156,Pune,8.86,0.36,0.61,0.88,4,0.82,100
SKU_1052,Kurkure Green Chutney 90g Mini,Kurkure,SUP_454,Kolkata,8.74,0.27,0.19,1.02,3,0.81,200
SKU_1052,Kurkure Green Chutney 90g Mini,Kurkure,SUP_646,Kolkata,8.51,0.39,0.36,0.79,4,0.89,100
SKU_1052,Kurkure Green Chutney 90g Mini,Kurkure,SUP_719,Kolkata,8.56,0.34,0.2,0.58,11,0.76,50
SKU_1053,Kurkure Green Chutney 90g Regular,Kurkure,SUP_315,Kolkata,11.84,0.92,0.31,1.11,11,0.9,500
SKU_1053,Kurkure Green Chutney 90g Regular,Kurkure,SUP_757,Kolkata,12.02,0.46,0.73,0.87,12,0.85,500
SKU_1053,Kurkure Green Chutney 90g Regular,Kurkure,SUP_550,Kolkata,10.82,0.71,0.68,1.28,5,0.83,100
SKU_1053,Kurkure Green Chutney 90g Regular,Kurkure,SUP_851,Kolkata,11.17,0.88,0.74,0.87,8,0.78,200
SKU_1053,Kurkure Green Chutney 90g Regular,Kurkure,SUP_347,Kolkata,11.47,0.81,0.83,1.12,9,0.81,50
SKU_1054,Kurkure Green Chutney 90g Value,Kurkure,SUP_986,Kolkata,14.24,0.63,0.92,0.74,11,0.92,100
SKU_1054,Kurkure Green Chutney 90g Value,Kurkure,SUP_627,Kolkata,14.07,1.21,0.96,1.1,6,0.87,50
SKU_1054,Kurkure Green Chutney 90g Value,Kurkure,SUP_346,Delhi,14.38,1.15,0.33,1.6,2,0.76,500
SKU_1054,Kurkure Green Chutney 90g Value,Kurkure,SUP_788,Kolkata,13.78,1.13,0.47,1.28,2,0.95,500
SKU_1055,Kurkure Green Chutney 90g Family,Kurkure,SUP_474,Kolkata,17.95,0.7,1.03,1.46,11,0.88,200
SKU_1055,Kurkure Green Chutney 90g Family,Kurkure,SUP_616,Bengaluru,17.56,0.68,1.26,2.03,6,0.95,50
SKU_1055,Kurkure Green Chutney 90g Family,Kurkure,SUP_482,Kolkata,16.61,1.58,0.34,1.82,10,0.98,100
SKU_1055,Kurkure Green Chutney 90g Family,Kurkure,SUP_612,Mumbai,16.77,0.97,0.85,1.22,4,0.92,500
SKU_1056,Maggi 70g Mini,Nestle,SUP_435,Kolkata,6.44,0.33,0.39,0.57,508,0.05,200
SKU_1056,Maggi 70g Mini,Nestle,SUP_621,Kolkata,6.43,0.41,0.14,0.54,511,0.0852,50
SKU_1056,Maggi 70g Mini,Nestle,SUP_526,Kolkata,6.24,0.48,0.28,0.59,512,0.0876,500
SKU_1057,Maggi 70g Regular,Nestle,SUP_691,Kolkata,8.76,0.85,0.65,0.64,11,0.87,500
SKU_1057,Maggi 70g Regular,Nestle,SUP_132,Kolkata,8.08,0.4,0.49,0.54,3,0.8,500
SKU_1057,Maggi 70g Regular,Nestle,SUP_807,Kolkata,8.26,0.78,0.28,0.94,11,0.97,50
SKU_1057,Maggi 70g Regular,Nestle,SUP_674,Kolkata,8.68,0.28,0.62,1.0,9,0.88,200
SKU_1057,Maggi 70g Regular,Nestle,SUP_645,Kolkata,8.95,0.62,0.37,0.98,12,0.94,200
SKU_1058,Maggi 70g Value,Nestle,SUP_405,Delhi,11.8,0.88,0.84,1.4,6,0.94,100
SKU_1058,Maggi 70g Value,Nestle,SUP_591,Kolkata,11.42,0.43,0.43,1.17,6,0.82,500
SKU_1058,Maggi 70g Value,Nestle,SUP_453,Pune,11.71,0.47,0.65,1.21,6,0.76,50
SKU_1059,Maggi 70g Family,Nestle,SUP_319,Kolkata,13.24,0.79,0.58,1.37,6,0.97,200
SKU_1059,Maggi 70g Family,Nestle,SUP_700,Kolkata,12.38,1.21,0.45,1.04,12,0.97,100
SKU_1059,Maggi 70g Family,Nestle,SUP_523,Kolkata,13.21,0.95,0.97,1.08,3,0.91,100
SKU_1059,Maggi 70g Family,Nestle,SUP_261,Kolkata,12.16,1.16,0.38,0.81,9,0.86,100
SKU_1060,Maggi Family Pack 280g Mini,Nestle,SUP_887,Mumbai,28.26,2.44,0.71,2.69,5,0.88,50
SKU_1060,Maggi Family Pack 280g Mini,Nestle,SUP_957,Kolkata,30.46,1.91,1.23,2.14,2,0.99,500
SKU_1060,Maggi Family Pack 280g Mini,Nestle,SUP_866,Kolkata,29.99,2.55,1.89,2.04,2,0.75,50
SKU_1060,Maggi Family Pack 280g Mini,Nestle,SUP_565,Kolkata,30.51,0.95,2.09,2.78,9,0.96,100
SKU_1061,Maggi Family Pack 280g Regular,Nestle,SUP_438,Kolkata,41.08,1.55,3.28,3.23,12,0.81,100
SKU_1061,Maggi Family Pack 280g Regular,Nestle,SUP_402,Hyderabad,39.67,3.49,1.5,2.59,5,0.79,500
SKU_1061,Maggi Family Pack 280g Regular,Nestle,SUP_188,Bengaluru,44.08,3.78,1.96,4.72,4,0.99,500
SKU_1061,Maggi Family Pack 280g Regular,Nestle,SUP_367,Bengaluru,41.35,1.91,1.17,4.56,6,0.98,200
SKU_1062,Maggi Family Pack 280g Value,Nestle,SUP_809,Kolkata,44.46,2.99,2.42,2.74,3,0.86,100
SKU_1062,Maggi Family Pack 280g Value,Nestle,SUP_820,Kolkata,46.86,3.39,3.74,2.37,3,0.9,200
SKU_1062,Maggi Family Pack 280g Value,Nestle,SUP_236,Bengaluru,46.63,4.23,2.89,3.43,11,0.84,500
SKU_1062,Maggi Family Pack 280g Value,Nestle,SUP_945,Kolkata,48.99,3.54,2.73,5.18,12,0.93,50
SKU_1062,Maggi Family Pack 280g Value,Nestle,SUP_470,Mumbai,47.59,2.8,2.07,5.18,3,0.76,100
SKU_1063,Maggi Family Pack 280g Family,Nestle,SUP_552,Mumbai,56.6,3.18,4.24,3.38,11,0.87,500
SKU_1063,Maggi Family Pack 280g Family,Nestle,SUP_625,Bengaluru,61.47,3.68,3.06,6.41,2,0.88,200
SKU_1063,Maggi Family Pack 280g Family,Nestle,SUP_936,Kolkata,60.83,4.6,1.71,3.53,11,0.77,500
SKU_1064,Amul Milk 500ml Mini,Amul,SUP_170,Kolkata,13.04,1.18,0.55,1.01,8,0.79,100
SKU_1064,Amul Milk 500ml Mini,Amul,SUP_761,Bengaluru,13.41,0.83,0.32,1.61,8,0.86,500
SKU_1064,Amul Milk 500ml Mini,Amul,SUP_777,Kolkata,12.77,0.6,0.41,0.81,12,0.96,50
SKU_1065,Amul Milk 500ml Regular,Amul,SUP_328,Kolkata,17.43,0.81,0.37,1.06,2,0.98,500
SKU_1065,Amul Milk 500ml Regular,Amul,SUP_644,Kolkata,18.06,1.48,0.85,1.44,5,0.86,100
SKU_1065,Amul Milk 500ml Regular,Amul,SUP_842,Pune,17.16,1.5,1.0,1.6,12,0.85,50
SKU_1065,Amul Milk 500ml Regular,Amul,SUP_708,Kolkata,17.08,0.64,0.69,1.97,12,0.92,50
SKU_1065,Amul Milk 500ml Regular,Amul,SUP_549,Kolkata,17.09,0.59,0.77,2.03,2,0.78,200
SKU_1066,Amul Milk 500ml Value,Amul,SUP_891,Kolkata,21.76,1.56,1.69,1.19,5,0.82,100
SKU_1066,Amul Milk 500ml Value,Amul,SUP_523,Kolkata,22.89,0.92,1.49,1.37,10,0.98,100
SKU_1066,Amul Milk 500ml Value,Amul,SUP_607,Mumbai,21.9,1.92,1.15,2.31,12,0.91,200
SKU_1066,Amul Milk 500ml Value,Amul,SUP_407,Kolkata,22.09,1.14,0.82,1.52,10,0.86,100
SKU_1066,Amul Milk 500ml Value,Amul,SUP_925,Kolkata,21.0,0.84,1.55,2.35,10,0.85,500
SKU_1067,Amul Milk 500ml Family,Amul,SUP_438,Chennai,29.03,2.74,0.99,2.8,9,0.95,50
SKU_1067,Amul Milk 500ml Family,Amul,SUP_152,Kolkata,29.58,1.23,1.17,1.71,11,0.89,50
SKU_1067,Amul Milk 500ml Family,Amul,SUP_841,Kolkata,28.27,1.41,2.11,3.06,9,0.8,200
SKU_1068,Amul Milk 1L Mini,Amul,SUP_859,Mumbai,24.7,1.01,1.28,1.54,9,0.97,100
SKU_1068,Amul Milk 1L Mini,Amul,SUP_429,Kolkata,25.3,0.96,1.63,2.02,9,0.88,200
SKU_1068,Amul Milk 1L Mini,Amul,SUP_609,Kolkata,25.01,0.79,1.39,2.22,9,0.93,200
SKU_1069,Amul Milk 1L Regular,Amul,SUP_984,Delhi,41.93,1.42,2.48,3.57,2,0.81,500
SKU_1069,Amul Milk 1L Regular,Amul,SUP_335,Bengaluru,41.83,1.77,1.59,4.1,5,0.87,200
SKU_1069,Amul Milk 1L Regular,Amul,SUP_840,Chennai,41.63,1.4,1.44,3.98,9,0.79,200
SKU_1069,Amul Milk 1L Regular,Amul,SUP_600,Delhi,41.14,2.94,1.62,4.91,10,0.99,50
SKU_1070,Amul Milk 1L Value,Amul,SUP_882,Kolkata,49.37,3.83,1.45,5.92,12,0.81,100
SKU_1070,Amul Milk 1L Value,Amul,SUP_482,Kolkata,43.77,2.52,3.17,3.77,12,0.97,500
SKU_1070,Amul Milk 1L Value,Amul,SUP_644,Hyderabad,47.66,2.49,1.76,2.7,2,0.88,200
SKU_1071,Amul Milk 1L Family,Amul,SUP_790,Kolkata,54.94,3.59,2.95,5.55,4,0.78,50
SKU_1071,Amul Milk 1L Family,Amul,SUP_734,Hyderabad,58.75,5.36,3.97,6.95,7,0.81,500
SKU_1071,Amul Milk 1L Family,Amul,SUP_570,Hyderabad,55.4,4.96,3.71,4.0,5,0.82,50
SKU_1071,Amul Milk 1L Family,Amul,SUP_877,Mumbai,59.72,1.97,2.77,4.91,8,0.84,500
SKU_1072,Amul Butter 100g Mini,Amul,SUP_965,Kolkata,23.66,1.01,1.15,1.89,7,0.89,50
SKU_1072,Amul Butter 100g Mini,Amul,SUP_335,Kolkata,24.22,1.13,1.93,1.3,11,0.86,50
SKU_1072,Amul Butter 100g Mini,Amul,SUP_387,Kolkata,24.31,1.15,1.47,2.36,2,0.79,200
SKU_1073,Amul Butter 100g Regular,Amul,SUP_829,Kolkata,32.9,2.3,2.27,2.46,3,0.82,100
SKU_1073,Amul Butter 100g Regular,Amul,SUP_793,Kolkata,32.81,1.94,2.43,3.45,4,0.94,50
SKU_1073,Amul Butter 100g Regular,Amul,SUP_154,Kolkata,32.54,1.09,2.19,3.52,3,0.83,500
SKU_1074,Amul Butter 100g Value,Amul,SUP_561,Kolkata,47.45,2.66,1.48,5.1,10,0.98,500
SKU_1074,Amul Butter 100g Value,Amul,SUP_489,Kolkata,48.46,3.23,2.6,3.84,6,0.94,50
SKU_1074,Amul Butter 100g Value,Amul,SUP_828,Kolkata,47.79,1.77,1.25,3.47,8,0.83,50
SKU_1074,Amul Butter 100g Value,Amul,SUP_555,Kolkata,47.85,4.23,2.83,4.9,3,0.78,100
SKU_1075,Amul Butter 100g Family,Amul,SUP_126,Kolkata,55.42,1.86,4.29,5.88,3,0.89,200
SKU_1075,Amul Butter 100g Family,Amul,SUP_523,Bengaluru,57.6,5.46,2.92,4.86,10,0.97,100
SKU_1075,Amul Butter 100g Family,Amul,SUP_489,Kolkata,55.54,2.05,2.55,6.25,6,0.81,100
SKU_1075,Amul Butter 100g Family,Amul,SUP_531,Kolkata,51.96,4.63,1.15,3.12,3,0.84,100
SKU_1075,Amul Butter 100g Family,Amul,SUP_731,Kolkata,56.59,5.27,4.39,6.31,4,0.82,500
SKU_1076,Amul Cheese Cubes 200g Mini,Amul,SUP_550,Kolkata,57.28,5.65,1.5,3.25,12,0.98,100
SKU_1076,Amul Cheese Cubes 200g Mini,Amul,SUP_811,Kolkata,56.68,4.88,1.27,3.44,4,0.98,200
SKU_1076,Amul Cheese Cubes 200g Mini,Amul,SUP_602,Kolkata,56.62,4.79,1.97,4.95,7,0.84,500
SKU_1076,Amul Cheese Cubes 200g Mini,Amul,SUP_304,Kolkata,57.17,4.29,1.37,3.13,4,0.91,50
SKU_1076,Amul Cheese Cubes 200g Mini,Amul,SUP_825,Kolkata,61.55,5.2,2.91,3.31,6,0.95,50
SKU_1077,Amul Cheese Cubes 200g Regular,Amul,SUP_410,Kolkata,96.53,3.81,4.92,4.83,4,0.92,500
SKU_1077,Amul Cheese Cubes 200g Regular,Amul,SUP_590,Kolkata,89.29,6.03,3.46,7.19,10,0.97,500
SKU_1077,Amul Cheese Cubes 200g Regular,Amul,SUP_468,Kolkata,94.97,6.27,2.19,9.9,10,0.89,50
SKU_1077,Amul Cheese Cubes 200g Regular,Amul,SUP_780,Kolkata,89.72,8.08,2.4,4.7,11,0.76,500
SKU_1078,Amul Cheese Cubes 200g Value,Amul,SUP_110,Mumbai,124.47,7.77,5.36,11.91,10,0.93,100
SKU_1078,Amul Cheese Cubes 200g Value,Amul,SUP_890,Kolkata,116.65,6.64,2.76,12.55,10,0.79,50
SKU_1078,Amul Cheese Cubes 200g Value,Amul,SUP_187,Kolkata,117.2,8.76,7.25,7.24,4,0.83,200
SKU_1078,Amul Cheese Cubes 200g Value,Amul,SUP_594,Kolkata,116.79,5.68,3.79,7.04,9,0.92,500
SKU_1079,Amul Cheese Cubes 200g Family,Amul,SUP_123,Kolkata,116.95,4.65,4.46,12.89,3,0.91,100
SKU_1079,Amul Cheese Cubes 200g Family,Amul,SUP_628,Kolkata,131.03,8.31,5.72,14.1,7,0.88,500
SKU_1079,Amul Cheese Cubes 200g Family,Amul,SUP_288,Kolkata,119.92,7.1,5.4,10.52,8,0.84,100
SKU_1079,Amul Cheese Cubes 200g Family,Amul,SUP_104,Kolkata,123.39,5.71,2.48,13.25,6,0.93,50
SKU_1080,Dove Soap 100g Mini,Dove,SUP_568,Mumbai,24.31,1.35,0.65,1.37,9,0.88,200
SKU_1080,Dove Soap 100g Mini,Dove,SUP_701,Mumbai,25.64,1.43,1.84,1.99,9,0.9,200
SKU_1080,Dove Soap 100g Mini,Dove,SUP_788,Kolkata,26.69,1.41,0.54,2.71,5,0.82,100
SKU_1080,Dove Soap 100g Mini,Dove,SUP_497,Kolkata,24.92,1.41,1.26,1.7,11,0.84,100
SKU_1080,Dove Soap 100g Mini,Dove,SUP_760,Kolkata,25.28,1.97,1.25,2.6,9,0.82,100
SKU_1081,Dove Soap 100g Regular,Dove,SUP_109,Kolkata,34.2,1.74,1.37,2.92,8,0.98,500
SKU_1081,Dove Soap 100g Regular,Dove,SUP_827,Kolkata,33.3,3.21,1.53,3.41,4,0.77,50
SKU_1081,Dove Soap 100g Regular,Dove,SUP_133,Kolkata,34.97,3.29,2.34,2.89,6,0.79,500
SKU_1081,Dove Soap 100g Regular,Dove,SUP_607,Hyderabad,33.97,2.16,2.39,2.57,11,0.78,200
SKU_1082,Dove Soap 100g Value,Dove,SUP_323,Kolkata,44.45,2.36,1.58,2.9,12,0.93,200
SKU_1082,Dove Soap 100g Value,Dove,SUP_369,Kolkata,45.08,3.04,1.77,2.91,3,0.86,50
SKU_1082,Dove Soap 100g Value,Dove,SUP_930,Chennai,44.54,3.98,1.54,4.57,7,0.96,500
SKU_1083,Dove Soap 100g Family,Dove,SUP_924,Mumbai,50.18,3.8,2.45,2.93,10,0.82,100
SKU_1083,Dove Soap 100g Family,Dove,SUP_396,Kolkata,47.32,4.08,2.89,2.65,10,0.99,50
SKU_1083,Dove Soap 100g Family,Dove,SUP_521,Kolkata,46.16,3.11,1.56,2.88,12,0.78,100
SKU_1084,Dove Shampoo 340ml Mini,Dove,SUP_963,Kolkata,119.29,8.86,4.75,7.43,4,0.89,200
SKU_1084,Dove Shampoo 340ml Mini,Dove,SUP_177,Kolkata,124.07,6.22,9.41,13.35,3,0.85,200
SKU_1084,Dove Shampoo 340ml Mini,Dove,SUP_565,Kolkata,125.11,10.19,2.87,9.75,2,0.96,50
SKU_1084,Dove Shampoo 340ml Mini,Dove,SUP_780,Chennai,125.68,5.55,5.99,15.0,3,0.94,500
SKU_1084,Dove Shampoo 340ml Mini,Dove,SUP_316,Kolkata,117.66,9.25,7.38,7.01,6,0.83,100
SKU_1085,Dove Shampoo 340ml Regular,Dove,SUP_880,Kolkata,197.25,17.8,5.73,18.89,12,0.94,500
SKU_1085,Dove Shampoo 340ml Regular,Dove,SUP_261,Kolkata,178.44,7.0,4.08,14.53,8,0.8,100
SKU_1085,Dove Shampoo 340ml Regular,Dove,SUP_995,Kolkata,199.53,14.57,5.65,15.46,7,0.81,200
SKU_1085,Dove Shampoo 340ml Regular,Dove,SUP_153,Bengaluru,194.23,7.12,14.59,21.61,5,0.85,50
SKU_1086,Dove Shampoo 340ml Value,Dove,SUP_707,Delhi,227.84,18.41,4.68,26.95,9,0.75,200
SKU_1086,Dove Shampoo 340ml Value,Dove,SUP_532,Kolkata,246.13,8.84,7.7,27.35,3,0.8,50
SKU_1086,Dove Shampoo 340ml Value,Dove,SUP_420,Kolkata,243.52,23.26,5.33,15.45,4,0.84,100
SKU_1087,Dove Shampoo 340ml Family,Dove,SUP_108,Kolkata,277.68,11.0,7.4,18.18,9,0.83,100
SKU_1087,Dove Shampoo 340ml Family,Dove,SUP_521,Kolkata,295.77,28.73,16.92,28.37,5,0.77,50
SKU_1087,Dove Shampoo 340ml Family,Dove,SUP_847,Kolkata,277.58,23.89,9.58,19.5,8,0.83,100
SKU_1087,Dove Shampoo 340ml Family,Dove,SUP_354,Kolkata,281.59,20.15,15.25,28.56,11,0.82,50
SKU_1087,Dove Shampoo 340ml Family,Dove,SUP_408,Kolkata,303.96,25.77,16.84,27.25,10,0.8,500
SKU_1088,Colgate Strong Teeth 200g Mini,Colgate,SUP_345,Kolkata,48.62,4.16,3.45,4.31,5,0.87,50
SKU_1088,Colgate Strong Teeth 200g Mini,Colgate,SUP_469,Kolkata,47.08,4.53,0.95,5.08,11,0.85,100
SKU_1088,Colgate Strong Teeth 200g Mini,Colgate,SUP_888,Kolkata,48.49,2.31,3.45,4.84,3,0.75,100
SKU_1089,Colgate Strong Teeth 200g Regular,Colgate,SUP_393,Kolkata,65.74,4.69,3.76,3.41,8,0.85,500
SKU_1089,Colgate Strong Teeth 200g Regular,Colgate,SUP_730,Kolkata,58.84,2.16,1.75,3.15,6,0.77,100
SKU_1089,Colgate Strong Teeth 200g Regular,Colgate,SUP_434,Kolkata,65.94,4.82,4.38,6.07,12,0.91,50
SKU_1090,Colgate Strong Teeth 200g Value,Colgate,SUP_159,Delhi,83.13,3.49,5.93,6.99,8,0.78,50
SKU_1090,Colgate Strong Teeth 200g Value,Colgate,SUP_858,Kolkata,78.78,5.48,2.78,5.37,4,0.92,100
SKU_1090,Colgate Strong Teeth 200g Value,Colgate,SUP_629,Kolkata,80.72,5.66,6.06,6.4,6,0.79,100
SKU_1090,Colgate Strong Teeth 200g Value,Colgate,SUP_850,Kolkata,83.34,5.22,3.94,8.59,2,0.83,500
SKU_1091,Colgate Strong Teeth 200g Family,Colgate,SUP_742,Kolkata,96.82,6.45,5.44,10.44,10,0.84,500
SKU_1091,Colgate Strong Teeth 200g Family,Colgate,SUP_261,Kolkata,104.45,8.72,8.26,9.33,11,0.91,50
SKU_1091,Colgate Strong Teeth 200g Family,Colgate,SUP_145,Kolkata,96.38,8.28,4.02,7.42,5,0.76,200
SKU_1092,Colgate MaxFresh 150g Mini,Colgate,SUP_136,Hyderabad,39.81,2.57,2.74,2.74,12,0.85,200
SKU_1092,Colgate MaxFresh 150g Mini,Colgate,SUP_427,Kolkata,40.18,2.89,1.57,3.48,11,0.84,50
SKU_1092,Colgate MaxFresh 150g Mini,Colgate,SUP_147,Kolkata,39.81,3.79,2.71,2.87,9,0.96,200
SKU_1093,Colgate MaxFresh 150g Regular,Colgate,SUP_398,Kolkata,58.08,2.23,3.26,5.2,11,0.81,200
SKU_1093,Colgate MaxFresh 150g Regular,Colgate,SUP_891,Kolkata,59.08,2.26,1.95,5.75,10,0.93,100
SKU_1093,Colgate MaxFresh 150g Regular,Colgate,SUP_124,Kolkata,55.79,2.02,2.5,3.05,12,0.95,50
SKU_1093,Colgate MaxFresh 150g Regular,Colgate,SUP_773,Bengaluru,61.77,4.7,2.41,3.09,6,0.77,100
SKU_1093,Colgate MaxFresh 150g Regular,Colgate,SUP_245,Kolkata,57.8,3.43,1.43,3.75,2,0.97,500
SKU_1094,Colgate MaxFresh 150g Value,Colgate,SUP_694,Mumbai,77.01,6.48,1.68,8.67,12,0.95,50
SKU_1094,Colgate MaxFresh 150g Value,Colgate,SUP_778,Delhi,78.34,6.03,3.2,7.46,6,0.95,500
SKU_1094,Colgate MaxFresh 150g Value,Colgate,SUP_425,Kolkata,79.42,4.24,1.68,4.93,3,0.98,100
SKU_1094,Colgate MaxFresh 150g Value,Colgate,SUP_259,Kolkata,80.2,7.45,2.4,9.01,9,0.83,50
SKU_1095,Colgate MaxFresh 150g Family,Colgate,SUP_972,Kolkata,92.16,7.68,5.85,7.64,12,0.82,50
SKU_1095,Colgate MaxFresh 150g Family,Colgate,SUP_251,Kolkata,89.34,4.37,5.58,7.44,7,0.85,50
SKU_1095,Colgate MaxFresh 150g Family,Colgate,SUP_278,Kolkata,94.83,5.26,6.1,10.95,9,0.88,100
SKU_1096,Aashirvaad Atta 5kg Mini,Aashirvaad,SUP_112,Kolkata,119.09,6.19,4.65,6.45,5,0.78,500
SKU_1096,Aashirvaad Atta 5kg Mini,Aashirvaad,SUP_760,Kolkata,112.76,4.63,8.28,7.34,6,0.97,50
SKU_1096,Aashirvaad Atta 5kg Mini,Aashirvaad,SUP_761,Kolkata,107.61,4.34,5.99,9.79,3,0.97,200
SKU_1097,Aashirvaad Atta 5kg Regular,Aashirvaad,SUP_543,Pune,155.62,14.87,4.29,9.91,9,0.76,500
SKU_1097,Aashirvaad Atta 5kg Regular,Aashirvaad,SUP_291,Kolkata,158.21,9.6,4.53,15.44,4,0.76,100
SKU_1097,Aashirvaad Atta 5kg Regular,Aashirvaad,SUP_663,Bengaluru,168.24,9.56,10.36,10.93,6,0.84,500
SKU_1097,Aashirvaad Atta 5kg Regular,Aashirvaad,SUP_638,Kolkata,158.77,12.87,4.82,9.04,10,0.94,500
SKU_1098,Aashirvaad Atta 5kg Value,Aashirvaad,SUP_452,Kolkata,236.45,16.25,11.93,15.25,8,0.81,50
SKU_1098,Aashirvaad Atta 5kg Value,Aashirvaad,SUP_930,Kolkata,231.56,22.12,18.41,18.43,9,0.88,100
SKU_1098,Aashirvaad Atta 5kg Value,Aashirvaad,SUP_772,Kolkata,251.46,21.28,5.09,15.67,2,0.93,100
SKU_1098,Aashirvaad Atta 5kg Value,Aashirvaad,SUP_497,Kolkata,239.36,15.21,5.03,14.22,4,0.79,200
SKU_1099,Aashirvaad Atta 5kg Family,Aashirvaad,SUP_820,Chennai,292.73,16.49,23.3,32.26,11,0.89,100
SKU_1099,Aashirvaad Atta 5kg Family,Aashirvaad,SUP_604,Hyderabad,310.98,30.81,17.13,22.52,9,0.76,50
SKU_1099,Aashirvaad Atta 5kg Family,Aashirvaad,SUP_639,Kolkata,287.91,23.1,7.95,21.67,11,0.8,100
SKU_1099,Aashirvaad Atta 5kg Family,Aashirvaad,SUP_921,Kolkata,292.04,28.21,21.56,15.73,2,0.76,100
SKU_1099,Aashirvaad Atta 5kg Family,Aashirvaad,SUP_981,Kolkata,308.6,11.82,22.47,23.15,7,0.92,500
SKU_1100,Aashirvaad Atta 10kg Mini,Aashirvaad,SUP_261,Chennai,242.91,21.75,12.67,16.65,12,0.98,200
SKU_1100,Aashirvaad Atta 10kg Mini,Aashirvaad,SUP_810,Hyderabad,238.84,17.82,13.69,22.15,5,0.91,100
SKU_1100,Aashirvaad Atta 10kg Mini,Aashirvaad,SUP_401,Kolkata,245.36,9.45,8.93,15.8,2,0.98,500
SKU_1100,Aashirvaad Atta 10kg Mini,Aashirvaad,SUP_681,Kolkata,260.44,18.54,6.0,29.22,7,0.97,100
SKU_1101,Aashirvaad Atta 10kg Regular,Aashirvaad,SUP_863,Mumbai,381.25,29.75,21.23,43.87,7,0.79,50
SKU_1101,Aashirvaad Atta 10kg Regular,Aashirvaad,SUP_846,Kolkata,375.93,11.6,14.17,21.42,6,0.8,50
SKU_1101,Aashirvaad Atta 10kg Regular,Aashirvaad,SUP_837,Mumbai,354.14,21.89,21.18,20.37,9,0.93,100
SKU_1102,Aashirvaad Atta 10kg Value,Aashirvaad,SUP_484,Mumbai,483.17,42.41,33.91,28.06,11,0.91,100
SKU_1102,Aashirvaad Atta 10kg Value,Aashirvaad,SUP_966,Kolkata,440.75,22.34,9.3,41.15,7,0.81,50
SKU_1102,Aashirvaad Atta 10kg Value,Aashirvaad,SUP_484,Delhi,435.53,27.05,24.28,25.49,10,0.98,50
SKU_1102,Aashirvaad Atta 10kg Value,Aashirvaad,SUP_594,Chennai,451.09,27.5,15.28,49.47,12,0.79,500
SKU_1103,Aashirvaad Atta 10kg Family,Aashirvaad,SUP_519,Kolkata,463.88,23.72,33.6,47.69,10,0.81,200
SKU_1103,Aashirvaad Atta 10kg Family,Aashirvaad,SUP_502,Hyderabad,461.84,43.55,16.27,49.6,9,0.79,200
SKU_1103,Aashirvaad Atta 10kg Family,Aashirvaad,SUP_943,Kolkata,444.01,37.6,25.15,38.55,9,0.8,50
SKU_1104,Tata Salt 1kg Mini,Tata,SUP_964,Mumbai,12.14,0.46,0.65,1.45,8,0.86,200
SKU_1104,Tata Salt 1kg Mini,Tata,SUP_289,Kolkata,11.82,1.18,0.52,0.63,7,0.79,50
SKU_1104,Tata Salt 1kg Mini,Tata,SUP_331,Pune,12.1,1.11,0.73,0.94,2,0.79,50
SKU_1104,Tata Salt 1kg Mini,Tata,SUP_654,Kolkata,11.81,0.59,0.75,0.86,11,0.8,50
SKU_1104,Tata Salt 1kg Mini,Tata,SUP_528,Kolkata,13.02,1.15,0.7,1.52,9,0.89,100
SKU_1105,Tata Salt 1kg Regular,Tata,SUP_135,Hyderabad,18.95,0.71,1.24,1.71,10,0.94,100
SKU_1105,Tata Salt 1kg Regular,Tata,SUP_277,Kolkata,18.28,1.83,1.44,1.95,5,0.78,500
SKU_1105,Tata Salt 1kg Regular,Tata,SUP_306,Kolkata,18.18,1.39,0.82,1.13,11,0.81,50
SKU_1106,Tata Salt 1kg Value,Tata,SUP_382,Hyderabad,20.37,1.54,1.04,2.41,2,0.94,500
SKU_1106,Tata Salt 1kg Value,Tata,SUP_680,Hyderabad,19.61,0.71,0.41,1.66,3,0.97,50
SKU_1106,Tata Salt 1kg Value,Tata,SUP_452,Kolkata,21.39,1.98,1.45,1.81,12,0.87,500
SKU_1106,Tata Salt 1kg Value,Tata,SUP_247,Kolkata,19.42,0.62,0.99,2.29,8,0.76,200
SKU_1106,Tata Salt 1kg Value,Tata,SUP_586,Kolkata,21.14,0.99,0.94,1.62,2,0.83,200
SKU_1107,Tata Salt 1kg Family,Tata,SUP_989,Kolkata,28.8,1.15,0.74,2.24,9,0.94,200
SKU_1107,Tata Salt 1kg Family,Tata,SUP_761,Kolkata,26.72,2.25,1.96,2.43,5,0.97,500
SKU_1107,Tata Salt 1kg Family,Tata,SUP_988,Kolkata,28.39,1.25,1.24,1.67,10,0.94,50
SKU_1107,Tata Salt 1kg Family,Tata,SUP_238,Pune,26.87,2.52,1.64,1.95,11,0.76,100
SKU_1108,Fortune Sunflower Oil 1L Mini,Fortune,SUP_567,Mumbai,85.46,6.49,2.48,5.43,5,0.82,500
SKU_1108,Fortune Sunflower Oil 1L Mini,Fortune,SUP_226,Chennai,81.97,2.67,6.37,4.69,7,0.87,500
SKU_1108,Fortune Sunflower Oil 1L Mini,Fortune,SUP_700,Kolkata,78.54,2.39,2.41,8.69,4,0.95,200
SKU_1109,Fortune Sunflower Oil 1L Regular,Fortune,SUP_150,Kolkata,107.48,3.61,3.44,9.81,5,0.96,100
SKU_1109,Fortune Sunflower Oil 1L Regular,Fortune,SUP_519,Kolkata,116.02,8.4,8.3,8.71,12,0.75,100
SKU_1109,Fortune Sunflower Oil 1L Regular,Fortune,SUP_108,Kolkata,115.58,9.95,8.64,9.09,6,0.92,200
SKU_1109,Fortune Sunflower Oil 1L Regular,Fortune,SUP_457,Kolkata,112.33,5.25,3.68,9.01,9,0.82,500
SKU_1109,Fortune Sunflower Oil 1L Regular,Fortune,SUP_778,Pune,114.66,10.26,5.53,10.81,10,0.91,200
SKU_1110,Amul ice cream 70 gm,Amul,SUP_877,Mumbai,22.5,1.5,0.8,2.02,6,0.92,150
